id;date_avis;note;description_avis
1;2025-02-26T07:48:12;20447;population du Québec de sorte que
2;2025-02-26T05:17:52;2535;ouf au-dessus de ding
3;2025-02-26T14:43:35;16675;de manière à
4;2025-02-26T00:41:32;31972;bâtir durant
5;2025-02-26T14:09:27;12651;à la merci lors ha ha
6;2025-02-25T17:36:18;28558;de manière à concurrence
7;2025-02-26T02:08:09;17131;vu que
8;2025-02-26T01:57:18;18556;remercier rectorat drelin
9;2025-02-25T15:53:32;12731;quelque
10;2025-02-26T10:29:53;8997;avant que avex de façon à ce que
